numero;angel;imagen;atributo;planeta;coro angelical;aroma;talisman;ofrenda;don ser de luz;hora canalizacion;se canaliza para;color;Columna1;por fecha de nac;mensaje
1;Vehuiah;;Dios elevado por encima de todas las cosas;Neptuno;Serafines;Flores blancas, Jazminez y Camelias;Espejos;Cuentos Infantiles y Gemas Naranjas;Fortaleza y fe en Dios;de 12:00 a.m. a 12:20 a.m;Emprender y ejecutar las cosas más difíciles. transformarse en un guerrero del fuego espiritual;Azul claro;Vehuiah;20 al 24 de marzo;Nos encamina a nuestro destino.Dota de energia cuando mas lo necesitamos
2;Jeliel;;Dios que socorre;Neptuno;Serafines;Flores blancas, Jazminez y Camelias;Espejos;Cuentos Infantiles y Gemas Naranjas;Fortaleza y fe en Dios;de 12:20 a.m a 12:40 a.m;Conseguir victoria contra quienes nos atacan injustamente. calma revueltas populares y mejora el comportamiento de los gobernantes. restablece la paz entre los esposos y la fidelidad conyugal. restablece la armonía entre empleados y empleadores;rojo;Jeliel;25 al 29 de marzo;Proporciona amor y sabiduria en nuestras vidas. Tiene como mision difundir el amor en todas sus formas
3;Sitael;;Dios esperanza de todas las criaturas;Neptuno;Serafines;Flores blancas, Jazminez y Camelias;Espejos;Cuentos Infantiles y Gemas Naranjas;Fortaleza y fe en Dios;de 12:40 a.m a 1:00 a.m;Calmarnos ante las adversidades. protegernos en accidentes de automóviles y asaltos. darnos fuerza y voluntad ante nuestros compromisos. pedir protección ante todo tipo de ataque;azul;Sitael;30 de marzo al 3 de abril;Su mision es ayudarnos a alcanzar el éxito y a cumplir nuestros sueños
4;Elemiah;;Dios Oculto;Neptuno;Serafines;Flores blancas, Jazminez y Camelias;Espejos;Cuentos Infantiles y Gemas Naranjas;Fortaleza y fe en Dios;de 1:00 a.m a 1:20 a.m;Aquietar el espíritu atormentado ante las adversidades. reconsiderar nuestros actos. protección en los viajes. ayudarnos a conocer a los traidores. ayudarnos a descubrir la profesión. que nos ilumine para no continuar en los errores;rojo;Elemiah;4 al 8 de abril;Puedes acudir a él cada que necesites saber cuál es el camino correcto en tu vida
5;Mahasiah;;Dios Salvador;Neptuno;Serafines;Flores blancas, Jazminez y Camelias;Espejos;Cuentos Infantiles y Gemas Naranjas;Fortaleza y fe en Dios;de 1:20 a.m a 1:40 a.m;Vivir en paz con todo el mundo. obtener fuerza moral. concedernos el conocimiento de las ciencias del espíritu. comprender sobre filosofía y teología;amarillo;Mahasiah;9 al 13 de abril;Es el guia y ayudante de los estudiantes
6;Lelahel;;Dios Loable;Neptuno;Serafines;Flores blancas, Jazminez y Camelias;Espejos;Cuentos Infantiles y Gemas Naranjas;Fortaleza y fe en Dios;de 1:40 a.m a 2:00 a.m;Curar enfermedades del espíritu. no tener ambición desmedida y no utilizar el poder para fines ilícitos. ayudarnos a reflexionar. adquirir iluminación y protegernos de personas malvadas;verde  ;Lelahel;14 al 18 de abril;Aclara todas tus dudas y enseña a mirar en nuestro interior
7;Achaiah;;Dios Paciente;Neptuno;Serafines;Flores blancas, Jazminez y Camelias;Espejos;Cuentos Infantiles y Gemas Naranjas;Fortaleza y fe en Dios;de 2:00 a.m a 2:20 a.m;Propagar nuevas ideas, brindarnos la capacidad de ser pacientes, encontrar el sentido de la vida cuando se pierde la fe, pedirle ayuda para encontrar éxito en tareas difíciles, facilitarnos el descubrir secretos de la naturaleza;Naranja;Achaiah;19 al 23 de abril;Otorga la sagrada paciencia cuando atravesamos momentos dificiles en nuestra vida
8;Cahetel;;Dios Adorable;Neptuno;Serafines;Flores blancas, Jazminez y Camelias;Espejos;Cuentos Infantiles y Gemas Naranjas;Fortaleza y fe en Dios;de 2:20 a.m a 2:40 a.m;Protección de personas y cosas, expulsar malos espíritus o pensamientos negativos obsesivos, obtener misericordia y bendición de dios, agradecer los bienes de consumo obtenidos de la tierra, favorecer la producción agrícola;Violeta;Cahetel;24 al 28 de abril;Es el ángel de los cambios en la vida. Invocalo cuando necesites un verdadero cambio
9;Haziel;;Dios Misericordia;Urano;Querubines;Rosas y fresas;Gemas Amarillas;Objetos Brillantes;Iluminación y Sabiduria;de 2:40 a.m a 3:00 a.m;Dar y recibir bondad, conseguir el cumplimiento de una promesa, recibir apoyo de los demás y misericordia divina, tener buenas amistades, reconciliación;verde claro;Haziel;29 de abril al 3 de mayo;Trae el perdon y la reconciliación en tu vida
10;Aladiah;;Dios Propicio;Urano;Querubines;Rosas y fresas;Gemas Amarillas;Objetos Brillantes;Iluminación y Sabiduria;de 3:00 a.m a 3:20 a.m;Sanar dolencias físicas y espirituales, protegernos de energías psíquicas nocivas y envidias proyectadas hacia uno, obtener perdón cuando hay real arrepentimiento, regeneración de la moral, gozar de la amistad de personas importantes;rojo;Aladiah;4 al 8 de mayo;Es el portador de segundas oportunidades y tiene una capacidad de sanación
11;Loviah;;Dios Exaltado;Urano;Querubines;Rosas y fresas;Gemas Amarillas;Objetos Brillantes;Iluminación y Sabiduria;de 3:20 a.m a 3:40 a.m;Prevenir ataques de nervios, protección contra rayos y tempestades naturales, protección contra el orgullo y la calumnia, obtener victoria sobre los adversarios, sobreponernos a nuestras debilidades, rehacer amistades, protegernos de fraudes;Plata;Lauviah;9 al 13 de mayo;Ayuda a desarrollar tu intuición en el mundo terrenal y espirutual
12;Hahahiah;;Dios Refugio;Urano;Querubines;Rosas y fresas;Gemas Amarillas;Objetos Brillantes;Iluminación y Sabiduria;de 3:40 a.m a 4:00 a.m;Interpretar sueños y misterios ocultos, brindarnos ayuda ante adversidades en general, protegernos contra la mentira y el abuso de confianza, brindar revelaciones en especial sobre cosmología;Violeta ;Hahahiah;14 al 18 de mayo;Te enseña a marte a ti mismo y a meditar
13;Lezalel;;Dios Glorificado;Urano;Querubines;Rosas y fresas;Gemas Amarillas;Objetos Brillantes;Iluminación y Sabiduria;de 4:00 a.m a 4:20 a.m;Obtener justicia. liberar de la depresión. favorecer la imparcialidad de los magistrados. proteger contra la calumnia y falsos testimonios de aquellos que desean usurpar los bienes ajenos. proteger a los inocentes y hacer conocer la verdad;Azul;Lezalel;19 al 23 de mayo;Aporta reconciliación y afinidad cuando tienes problemas en una relacion
14;Mebahel;;Dios Conservador;Saturno;Tronos;Flores de Lavanda;Cristales;Flores de Lavanda;Conocimiento sobre el mundo visible e invisible;de 4:20 a.m a 4:40 a.m;Pedir justicia e imparcialidad. pedir protección contra la calumnia y falsos testimonios de aquellos que desean usurpar los bienes ajenos. liberarnos de la depresión. proteger a los inocentes. hacer conocer la verdad;Azul;Mebahel;24 al 28 de mayo;Es el gran protector de la verdad, la justicia, la libertad y el compromiso
15;Hariel;;Dios Creador;Saturno;Tronos;Flores de Lavanda;Cristales;Flores de Lavanda;Conocimiento sobre el mundo visible e invisible;de 4:40 a.m a 5:00 a.m;Obtener mejoras en el desempeño profesional. atraer el amor y la bondad de quienes nos rodean, especialmente entre los integrantes de nuestras familias. exaltar los sentimientos religiosos. ayudarnos a descubrir lo útil y lo bueno;Naranja;Hariel;29 de mayo al 3 de junio;Ayuda a las personas a deshacerse de adicciones y dependencias
16;Hekamiah;;Dios Creador del Universo;Saturno;Tronos;Flores de Lavanda;Cristales;Flores de Lavanda;Conocimiento sobre el mundo visible e invisible;de 5:00 a.m a 5:20 a.m;Ayudarnos a trascender nuestros problemas. vencer a nuestros enemigos internos. proteger a los que ocupan posiciones de liderazgo. pedir coraje, perseverancia y constancia;Naranja;Hekamiah;4 al 8 de junio;Enseña y proporciona lealtad según los principios divinos
17;Lauviah;;Dios Admirable;Urano;Querubines;Rosas y fresas;Gemas Amarillas;Objetos Brillantes;Iluminación y Sabiduria;de 5:20 a.m a 5:40 a.m;Generar amistades profundas. revelarnos el significado de los sueños. obtener talento artístico y literario. ayudarnos a salir de los tormentos espirituales y la tristeza. dormir bien. tener compresión de las ciencias espirituales;amarillo;Lauviah;9 al 13 de junio;Es el ángel de la victoria y de las personas exitosas
18;Caliel;;Dios que escucha;Urano;Querubines;Rosas y fresas;Gemas Amarillas;Objetos Brillantes;Iluminación y Sabiduria;de 5:40 a.m a 6:00 a.m;Encontrar un buen defensor en los procesos judiciales. brindarnos socorro ante adversidades para que surjan las verdades en los procesos conflictivos;Dorado;Caliel;14 al 18 de junio;Nos ayuda a comprender las diferencias entre el bien y el mal
19;Leuviah;;Dios Auxilio de los Pecadores;Urano;Querubines;Rosas y fresas;Gemas Amarillas;Objetos Brillantes;Iluminación y Sabiduria;de 6:00 a.m a 6:20 a.m;Brindarnos inspiración poética y artística. otorgarnos la gracia divina a la fecundidad. aumentar nuestra memoria y nuestra inteligencia;verde;Leuviah;19 al 23 de junio;Guarda los recuerdos de tus vidas pasadas
20;Pahaliah;;Dios Redentor;Urano;Querubines;Rosas y fresas;Gemas Amarillas;Objetos Brillantes;Iluminación y Sabiduria;de 6:20 a.m a 6:40 a.m;Otorgarnos revelaciones de la verdad y sabiduría. ayudarnos a encontrar la vocación correcta;verde;Pahaliah;24 al 28 de junio;Esel ángel de los que quieren deshacerce de viejos y malos comportamientos
21;Nelkhael;;Dios Unico;Urano;Querubines;Rosas y fresas;Gemas Amarillas;Objetos Brillantes;Iluminación y Sabiduria;de 6:40 a.m a 7:00 a.m;Destruir el poder del enemigo. protegernos contra calumnias y también de aquellas personas que intentan sacar provecho para sí de los inocentes. ayudarnos a comprender la astronomía, astrología, geología, matemáticas y ciencias exactas;Azul palido;Nelkhael;29 de junio al 3 de julio;Es el ángel de los que tienen el ferviente deseo de aprender
22;Yeiyael;;Justicia Divina;Urano;Querubines;Rosas y fresas;Gemas Amarillas;Objetos Brillantes;Iluminación y Sabiduria;de 7:00 a.m a 7:20 a.m;Proteger los comercios. la protección de nuestra fama y fortuna. ayudarnos en los estudios que cursamos. descubrir la vocación y nuevos caminos;Amarillo;Yeiyael;4 al 8 de julio;Trae el sentido del orden y de la disciplina a aquellos que más lo necesitan
23;Melahel;;Dios que Libera del Mal;Urano;Querubines;Rosas y fresas;Gemas Amarillas;Objetos Brillantes;Iluminación y Sabiduria;de 7:20 a.m a 7:40 a.m;Realizar nuestros deseos. protección en las actividades políticas y públicas. recibir abundancia por nuestro trabajo. protección contra armas y asaltos. potenciar el efecto de plantas medicinales;Azul;Melahel;9 al 13 de julio;Tiene la capacidad de curación, por lo que protege a medicos y a todo aquel que se dedique a sanar a los demás
24;Haheuiah;;Dios Bondadoso por si mismo;Urano;Querubines;Rosas y fresas;Gemas Amarillas;Objetos Brillantes;Iluminación y Sabiduria;de 7:40 a.m a 8:00 a.m;Conseguir la gracia de dios. proteger a prisioneros, fugitivos, que sufren penas injustas. protegernos de ladrones y asesinos. protegernos contra accidentes de automovil y todo tipo de violencia;Plata;Haheuiah;14 al 18 de julio;Aporta a los nacidos en estas fechas la virtud de la sinceridad y la verdad
25;Nith - Haiah;;Dios que da sabiduria;Marte;Potestades;Incienso y Flores;Caracoles;Hojas de Pino, Esmeralda;Control de los enemigos;de 8:00 a.m a 8:20 a.m;Obtener sabiduría y revelaciones de misterios ocultos. influenciar en la magia blanca para atraer nuevas revelaciones. obtener paz a través del conocimiento de la verdad;Indigo;Nith - Haiah;19 al 23 de julio;Enseña a comprender y a utilizar correctamente las fuerzas espirituales
26;Haaiah;;Dios Oculto;Marte;Potestades;Incienso y Flores;Caracoles;Hojas de Pino, Esmeralda;Control de los enemigos;de 8:20 a.m a 8:40 a.m;Ayudarnos a ganar procesos judiciales. descubrir conspiraciones. ayudarnos a buscar la verdad para llevarnos a contemplar las cosas divinas;Violeta;Haaiah;24 al 28 de julio;Guarda bien los secretos que no deben ser revelados
27;Yerathel;;Dios que castiga alos Malos;Marte;Potestades;Incienso y Flores;Caracoles;Hojas de Pino, Esmeralda;Control de los enemigos;de 8:40 a.m a 9:00 a.m;Pedir protección contra ataques injustos. darnos conocimiento de verdades divinas. tener éxito en los negocios. cortar la magia negra cuando es injusta;Azul;Yerathel;29 de julio al 2 de agosto;Es el propagador de la luz divina
28;Seheiah;;Dios que cura las Enfermedades;Marte;Potestades;Incienso y Flores;Caracoles;Hojas de Pino, Esmeralda;Control de los enemigos;de 9:00 a.m a 9:20 a.m;Protegernos contra incendios, accidentes y dolencias. protegernos de la maldad y de la ruina en los negocios;Azul;Seheiah;3 al 7 de agosto;Te protege de los accidentes, caídas, rayos, incendios o enfermedades
29;Reiyel;;Dios que socorre;Marte;Potestades;Incienso y Flores;Caracoles;Hojas de Pino, Esmeralda;Control de los enemigos;de 9:20 a.m a 9:40 a.m;Librarnos de los enemigos internos. darnos inspiración en oraciones y discursos. tener claridad de expresión ante los adversarios. realzar los sentimientos religiosos y la meditación;Naranja;Reiyel;8 al 13 de agosto;Es capaz de liberarnos de cualquier fuerza maligna y hechicería
30;Omael;;Dios Paciente;Marte;Potestades;Incienso y Flores;Caracoles;Hojas de Pino, Esmeralda;Control de los enemigos;de 9:40 a.m a 10:00 a.m;Protección del reino animal. tener paciencia cuando estamos muy ansiosos. tener buena relación entre padres e hijos. que guie a nuestro médico cirujano;Naranja;Omael;14 al 18 de agosto;Te ayuda a crear proyectos, expandir tus sueños y hacerlos realidad
31;Lecabel;;Dios Inspirar;Marte;Potestades;Incienso y Flores;Caracoles;Hojas de Pino, Esmeralda;Control de los enemigos;de 10:00 a.m a 10:20 a.m;Resolver temas en la profesión. resolver problemas muy difíciles. tener revelaciones;Dorado;Lecabel;19 al 23 de agosto;Las personas que estén bajo su proteccion tratarán de alcanzar la perfección en sus vidas
32;Vasariah;;Dios Justo;Marte;Potestades;Incienso y Flores;Caracoles;Hojas de Pino, Esmeralda;Control de los enemigos;de 10:20 a.m a 10:40 a.m;Obtener justicia. tener buena memoria y facilidad de expresión. protegernos contra quien nos ataca judicialmente;Dorado;Vasariah;24 al 28 de agosto;Ofrece sabiduría para la reflexión y encontrar la solución a los problemas
33;Yehuiah;;Dios Conocedor de todas las cosas;Jupiter;Dominaciones;Azahar y Limon;Limones;Cuarzo Rosado y Verde,Velas, incienso, Amatistas;Perseverancia y Salvacion;de 10:40 a.m a 11:00 a.m;Poner en evidencia situaciones ocultas de conocer a las personas traidoras y conocer sus planes. traernos revelaciones sobre nuestros defectos y actitudes erradas;Verde;Yehuiah;29 de agosto al 2 de septiembre;Enseña los beneficios de colaborar en equipo y a trabajar con otros fácilmente
34;Lehahiah;;Dios Clemente;Jupiter;Dominaciones;Azahar y Limon;Limones;Cuarzo Rosado y Verde,Velas, incienso, Amatistas;Perseverancia y Salvacion;de 11:00 a.m a 11:20 a.m;Calmar nuestra ira. comprender las leyes divinas y la estructura del universo;Verde;Lehahiah;3 al 7 de septiembre;Los nacidos bajo su signo seguirán las leyes de Dios, aunque no las entiendan
35;Chavakhiah;;Dios que da Alegría;Jupiter;Dominaciones;Azahar y Limon;Limones;Cuarzo Rosado y Verde,Velas, incienso, Amatistas;Perseverancia y Salvacion;de 11:20 a.m a 11:40 a.m;Reconciliación entre familiares. obtener perdón por ofensas. la partición de herencias en forma justa. tener buena relación entre padres e hijos;Turquesa;Chavakhiah;8 al 12 de septiembre;Es el ángel de la reconciliación por excelencia.
36;Menadel;;Dios Digno de Admiración;Jupiter;Dominaciones;Azahar y Limon;Limones;Cuarzo Rosado y Verde,Velas, incienso, Amatistas;Perseverancia y Salvacion;de 11:40 a.m a 12:00 p.m;Para mantenerse en los empleos. conservar lo que se tiene. encontrar objetos perdidos. protegernos contra calumnias y maldiciones. tener noticias sobre personas distantes;Gris;Menadel;13 al 17 de septiembre;Puede ayudarnos a conseguir un mejor trabajo, que se adapte a lo que nosotros siempre hemos soñado.
37;Aniel;;Dios Virtuoso;Jupiter;Dominaciones;Azahar y Limon;Limones;Cuarzo Rosado y Verde,Velas, incienso, Amatistas;Perseverancia y Salvacion;de 12:00 p.m a 12:20 p.m;Para impulsarnos a resolver situaciones difíciles. promover la armonía entre personas diferentes. revelarnos secretos sobre la naturaleza. tener inspiración en conferencias y meditaciones. ayudarnos a que nos expresemos más fácilmente;verde;Aniel;18 al 22 de septiembre;Se le relaciona con el dinero y el intercambio.
38;Haamiah;;Dios Esperanza de Todos;Jupiter;Dominaciones;Azahar y Limon;Limones;Cuarzo Rosado y Verde,Velas, incienso, Amatistas;Perseverancia y Salvacion;de 12:20 p.m a 12:40 p.m;Protegernos contra las armas de fuego. descubrir la verdad y proteger las obras espirituales;Plata;Haamiah;23 al 27 de septiembre;Es el ángel de rituales, ceremonias y de los días mágicos.
39;Rehael;;Dios que acoge a los Pecadores;Jupiter;Dominaciones;Azahar y Limon;Limones;Cuarzo Rosado y Verde,Velas, incienso, Amatistas;Perseverancia y Salvacion;de 12:40 p.m a 1:00 p.m;Mantener la salud y la longevidad. protegernos contra la maldad. que podamos ver cuando actuamos erróneamente. influenciar en el amor paternal y filial y en la obediencia de los más pequeños con respecto a los mayores;Violeta;Rehael;28 septiembre al 2 de octubre;Ayuda a entender las cosas con mayor profundidad.
40;Yeiazel;;Dios que da Alegría;Jupiter;Dominaciones;Azahar y Limon;Limones;Cuarzo Rosado y Verde,Velas, incienso, Amatistas;Perseverancia y Salvacion;de 1:00 p.m a 1:20 p.m;Liberarnos de nuestra prisión interna. tener consuelo ante las adversidades. liberarnos de enemigos y vicios. liberarnos de la depresión y el pánico;Verde;Yeiazel;3 al 7 de octubre;Trae consuelo a nuestras vidas, nos enseña a apreciar los tiempos de renovación
41;Hahahhel;;Dios en 3 personas (Dios Manifestado);Sol;Principados;Mirra;Cuarzos;Dulces, Agua Marina;Control del Medio Ambiente;de 1:20 p.m a 1:40 p.m;Tener firmeza en nuestra evolución. seguir la luz del amor. retornar a la fe de dios. protegernos contra las calamidades;Azul;Hahahhel;8 al 12 de octubre;Nos ayuda a ser fieles en nuestra misión en la Tierra y despertando nuestra vocación espiritual.
42;Mikael;;Quien como Dios;Sol;Principados;Mirra;Cuarzos;Dulces, Agua Marina;Control del Medio Ambiente;de 1:40 p.m a 2:00 p.m;Tener seguridad en viajes. obtener obediencia o disciplina de los subalternos. extraer negatividad de personas, lugares o cosas. poner en evidencia todo lo oscuro;Azul;Mikael;13 al 17 de octubre;Ayuda en las organizaciones, así como en la enseñanza del bien y el mal.
43;Veuliah;;Dios Rey Dominante;Sol;Principados;Mirra;Cuarzos;Dulces, Agua Marina;Control del Medio Ambiente;de 2:00 p.m a 2:20 p.m;Tener paz y prosperidad interior. destruir nuestros enemigos interiores, como por ejemplo los miedos. liberar de la esclavitud y de los vicios. tener éxito en causas justas. obtener favores de personas importantes. protección y prosperidad en empresas;Violeta;Veuliah;18 al 22 de octubre;Es el ángel de la prosperidad, abundancia y riqueza para tu vida.
44;Yelahiah;;Dios Eterno;Sol;Principados;Mirra;Cuarzos;Dulces, Agua Marina;Control del Medio Ambiente;de 2:20 p.m a 2:40 p.m;Tener coraje para enfrentar las adversidades. proteger a magistrados para vencer en los procesos judiciales. protegernos contra armas blancas o de fuego;verde;Yelahiah;23 al 28 de octubre;Es un guerrero de luz, por lo que es protector y guía celestial.
45;Sealiah;;Dios Generador de todas las cosas;Sol;Principados;Mirra;Cuarzos;Dulces, Agua Marina;Control del Medio Ambiente;de 2:40 p.m a 3:00 p.m;Tener buena salud y curarse de alguna enfermedad. exaltar a los humildes, separándolos de los orgullosos, es decir, cuando nos sentimos oprimidos por otro. ayudarnos en el aprendizaje de artes y ciencias para el bienestar de los hombres, plantas y animales;Dorado;Sealiah;29 de octubre al 2 de noviembre;Responsable de la motivación, la voluntariedad, la pureza y la intención.
46;Ariel;;Dios es mi Luz;Sol;Principados;Mirra;Cuarzos;Dulces, Agua Marina;Control del Medio Ambiente;de 3:00 p.m a 3:20 p.m;Tener revelaciones en los sueños. tener nuevas ideas que iluminen los nuevos caminos. agradecer a Dios los bienes que nos envía;Rosado;Ariel;3 al  7 de noviembre;Favorece nuestra clarividencia.
47;Asaliah;;Dios que muestra la Verdad;Sol;Principados;Mirra;Cuarzos;Dulces, Agua Marina;Control del Medio Ambiente;de 3:20 p.m a 3:40 p.m;Que nos conceda protección contra escándalos e inmoralidades. que la verdad brille en situaciones ocultas y nos guíe hacia un comportamiento adecuado. comprender las cosas divinas representadas en la naturaleza;Verde;Asaliah;8 al 12 de noviembre;Te ayuda a descubrir la verdad que se oculta en las pequeñas cosas de la vida.
48;Mihael;;Dios padre que Socorre;Sol;Principados;Mirra;Cuarzos;Dulces, Agua Marina;Control del Medio Ambiente;de 3:40 p.m a 4:00 p.m;Tener paz y armonía en la pareja. tener amistad y felicidad conyugal. invocar el socorro de dios. abrir la percepción;Magenta;Mihael;13 al 17 de noviembre;Está encargado de traer armonía a las relaciones.
49;Vehuel;;Dios Grandioso;Mercurio;Arcangeles;Frutas;Piedras de Colores;Flores de estacion, Lapizlazuli;Control sobre las criaturas de la tierra;de 4:00 p.m a 4:20 p.m;Traer compresión mental. tener consuelo en las contrariedades. tener protección divina en la búsqueda de valores morales. impulsarnos al desarrollo espiritual;Gris;Vehuel;18 al 22 de noviembre;Es el guía de todos lo que quieren conseguir la iluminación espiritual.
50;Daniel;;Dios el Justo;Mercurio;Arcangeles;Frutas;Piedras de Colores;Flores de estacion, Lapizlazuli;Control sobre las criaturas de la tierra;de 4:20 p.m a 4:40 p.m;Obtener misericordia divina. darnos remedio a todos los males. hacer renacer en nosotros nuevas esperanzas y alegría de vivir. ver el camino cuando estamos indecisos;Rosado;Daniel;23 al 27 de noviembre;Es quien nos ayuda a desarrollar nuestra capacidad de comunicación.
51;Hahasiah;;Dios Oculto;Mercurio;Arcangeles;Frutas;Piedras de Colores;Flores de estacion, Lapizlazuli;Control sobre las criaturas de la tierra;de 4:40 p.m a 5:00 p.m;Curar enfermedades mentales. auxiliarnos en la revelación de misterios ocultos. elevar nuestra conciencia a Dios;Plata;Hahasiah;28 de noviembre al 2 de diciembre;Sana con la energía cósmica y ayuda a médicos y enfermeras a cumplir con su labor.
52;Imamiah;;Dios por encima de todo;Mercurio;Arcangeles;Frutas;Piedras de Colores;Flores de estacion, Lapizlazuli;Control sobre las criaturas de la tierra;de 5:00 p.m a 5:20 p.m;Abandonar vicios y malas compañías. tener protección en los viajes. liberarnos de nuestras propias obsesiones. influenciar las ganancias monetarias provenientes del trabajo honesto;Plata;Imamiah;3 al 7 de diciembre;Con él podemos sanar y reparar la mayoría de nuestros errores.
53;Nanael;;Dios que hace caer a los orgullosos;Mercurio;Arcangeles;Frutas;Piedras de Colores;Flores de estacion, Lapizlazuli;Control sobre las criaturas de la tierra;de 5:20 p.m a 5:40 p.m;Nuestro rejuvenecimiento físico e intelectual a través de aliviar patrones negativos. tener inspiración y apoyo material para grandes realizaciones;Violeta;Nanael;8 al 12 de diciembre;Es el ángel de la comunicación espiritual en todas sus formas.
54;Nithael;;Dios de los Cielos;Mercurio;Arcangeles;Frutas;Piedras de Colores;Flores de estacion, Lapizlazuli;Control sobre las criaturas de la tierra;de 5:40 p.m a 6:00 p.m;Ayudarnos a conseguir de dios una vida larga. protegernos contra peligros y accidentes. tener estabilidad en el empleo y la conservación de los medios de subsistencia correctos;Amarillo;Nithael;13 al 17 de diciembre;Representa la eterna juventud. Esto se debe a que está vinculado enormemente con el rejuvenecimiento.
55;Mebahiah;;Dios Eterno;Mercurio;Arcangeles;Frutas;Piedras de Colores;Flores de estacion, Lapizlazuli;Control sobre las criaturas de la tierra;de 6:00 p.m a 6:20 p.m;Tener fecundidad. proteger nuestra moral y religión. tener ayuda en cualquier entendimiento en que uno esté;Azul;Mebahiah;18 al 22 de diciembre;Te aporta claridad y consuelo a tu vida.
56;Poyel;;Dios que sostiene el Universo;Mercurio;Arcangeles;Frutas;Piedras de Colores;Flores de estacion, Lapizlazuli;Control sobre las criaturas de la tierra;de 6:20 p.m a 6:40 p.m;Tener fortuna en general. tener fama cuando difundimos grandes filosofías. ayudarnos a vencer demandas;Azul;Poyel;23 al 27 de diciembre;Es el ángel de la fortuna y el apoyo.
57;Nemamiah;;Dios Loable;Venus;Virtudes;Pino y Eucalipto;Plumas;Incienso, Sandalo, Rosas, Cuarzo Rosa;Triunfos y Milagros;de 6:40 p.m a 7:00 p.m;Tener lucidez en los actos de la vida. concedernos prosperidad en todos los sectores. abrir canales para tener sueños proféticos. liberar a personas viciadas, para encaminarlas a una vida saludable. proteger y guiar a todos los que trabajan en causas justas;Rojo;Nemamiah;28 de diciembre al 1 de enero;Es capaz de revelar la causa de tus problemas más profundos.
58;Yeialel;;Dios que escucha los pedidos;Venus;Virtudes;Pino y Eucalipto;Plumas;Incienso, Sandalo, Rosas, Cuarzo Rosa;Triunfos y Milagros;de 7:00 p.m a 7:20 p.m;Sanar la tristeza. ayudar en todo proceso de curación, especialmente los problemas de ojos. proteger a los que trabajan con metales;Rojo;Yeialel;2 al 6 de enero;Te ayuda a desarrollar tus habilidades psíquicas como la clarividencia y lucidez.
59;Harahel;;Dios Conocedor de todas las cosas;Venus;Virtudes;Pino y Eucalipto;Plumas;Incienso, Sandalo, Rosas, Cuarzo Rosa;Triunfos y Milagros;de 7:20 p.m a 7:40 p.m;Atraer la fecundidad a las cosas estériles. encontrar objetos de valor perdidos. ayudarnos al pago de cuentas atrasadas. que los hijos sean amables y obedientes con sus padres. curar problemas en órganos reproductivos, principalmente en los femeninos. favorecer a los trabajadores de la bolsa, archivos, bibliotecas y coleccionistas;Dorado;Harahel;7 al 11 de enero;Su principal objetivo es ayudarte a conseguir que tus sueños se hagan realidad.
60;Mitzrael;;Dios alivio de los oprimidos;Venus;Virtudes;Pino y Eucalipto;Plumas;Incienso, Sandalo, Rosas, Cuarzo Rosa;Triunfos y Milagros;de 7:40 p.m a 8:00 p.m;Curar problemas mentales. solucionar conflictos con uno mismo y con otros. atraer fidelidad de los subalternos. desarrollar talento y virtudes;Dorado;Mitzrael;12 al 16 de enero;Corrige tus errores y te guía para que comprensas la importancia de la obediencia y la autoridad.
61;Umabel;;Dios por encima de todo;Venus;Virtudes;Pino y Eucalipto;Plumas;Incienso, Sandalo, Rosas, Cuarzo Rosa;Triunfos y Milagros;de 8:00 p.m a 8:20 p.m;Vivir una vida según las leyes divinas. hacer recapacitar a aquellos que se apartan de los mandamientos. mantener la armonía entre amigos;Verde;Umabel;17 al 21 de enero; Te brinda una conciencia profunda de la vida, así como proporcionar concentración y comprensión cuando se requiera.
62;Lah - hel;;Dios ser Supremo;Venus;Virtudes;Pino y Eucalipto;Plumas;Incienso, Sandalo, Rosas, Cuarzo Rosa;Triunfos y Milagros;de 8:20 p.m a 8:40 p.m;Obtener sabiduría. poner en evidencia verdades ocultas. favorecer la comprensión y el entendimiento entre cónyuges. abandonar los placeres mundanos por los transcendentales. apaciguar la violencia del mundo;Verde;Lah - hel;22 al 26 de enero;Impulsa tus pensamientos positivos, constructivos y te enseña a disfrutar la soledad y tranquilidad.
63;Anauel;;Dios Infinitamente Bueno;Venus;Virtudes;Pino y Eucalipto;Plumas;Incienso, Sandalo, Rosas, Cuarzo Rosa;Triunfos y Milagros;de 8:40 p.m a 9:00 p.m;Protección contra accidentes. curar enfermedades y mantener buena salud. tener prosperidad en la actividad profesional. ayudarnos a encontrar la verdadera espiritualidad y tener sabiduría;Gris;Anauel;27 de enero al 1 de febrero; Permite que la comunicación y relación con otras personas resulten exitosas.
64;Mehiel;;Dios que da Vida;Venus;Virtudes;Pino y Eucalipto;Plumas;Incienso, Sandalo, Rosas, Cuarzo Rosa;Triunfos y Milagros;de 9:00 p.m a 9:20 p.m;Protección de un comercio. reconfortarnos ante las adversidades. tener inspiración para obras literarias. protegernos contra accidentes de tránsito;Verde;Mehiel;2 al 6 de febrero;Favorece la imaginación, la inteligencia y la comprensión. Es un gran aliado contra las energías y las fuerzas oscuras.
65;Damabiah;;Dios fuente de Sabiduria;Luna;Guardianes;Flores Silvestres, Frutas de estacion e Incienso;Gemas Opacas;Frutas frescas, Agatas, Cuarzo Cristal;Voluntad Divina;de 9:20 p.m a 9:40 p.m;Darnos sabiduría y éxito en los negocios. protegernos en viajes por mar;Plata;Damabiah;7 al 11 de febrero;Es el que entrega amor incondicional a todo aquel que acuda a él.
66;Manakel;;Dios que mantiene las cosas;Luna;Guardianes;Flores Silvestres, Frutas de estacion e Incienso;Gemas Opacas;Frutas frescas, Agatas, Cuarzo Cristal;Voluntad Divina;de 9:40 p.m a 10:00 p.m;Calmar la cólera. proteger el sueño y combatir el insomnio. darnos inspiración para la música y la poesía;Plata;Manakel;12 al 16 de febrero;Elimina miedos a través de la comprensión y transformación.
67;Eyael;;Dios Alegría de los hombres;Luna;Guardianes;Flores Silvestres, Frutas de estacion e Incienso;Gemas Opacas;Frutas frescas, Agatas, Cuarzo Cristal;Voluntad Divina;de 10:00 p.m a 10:20 p.m;Ampliar la consciencia y la percepción. tener consuelo en las adversidades e injusticias. ayudarnos en la preservación de los bienes materiales obtenidos por trabajo. tener concentración en el estudio de filosofía mística y religión. ayudarnos en los cambios emocionales;Violeta;Eyael;17 al 21 de febrero;Te orienta a tomar buenas decisiones y darte el soporte cuando sientas que todo está perdido.
68;Habuhiah;;Dios Generoso;Luna;Guardianes;Flores Silvestres, Frutas de estacion e Incienso;Gemas Opacas;Frutas frescas, Agatas, Cuarzo Cristal;Voluntad Divina;de 10:20 p.m a 10:40 p.m;Tener fertilidad en la tierra. tener fertilidad en las parejas. proteger la salud y tener curación en general;Violeta;Habuhiah;22 al 26 de febrero;Es el patrón de las terapias médicas, así como de los tratamientos espirituales o metafísicos.
69;Rochel;;Dios que todo lo ve;Luna;Guardianes;Flores Silvestres, Frutas de estacion e Incienso;Gemas Opacas;Frutas frescas, Agatas, Cuarzo Cristal;Voluntad Divina;de 10:40 p.m a 11:00 p.m;Abrir la percepción para encontrar objetos perdidos o robados. influir sobre la fama y fortuna de abogados y magistrados;Azul;Rochel;27 de febrero al 3 de marzo;Es el encargado de otorgar a cada persona lo que se merece, es el símbolo de la justicia y lo justo.
70;Jabamiah;;Dios creador de todas las cosas;Luna;Guardianes;Flores Silvestres, Frutas de estacion e Incienso;Gemas Opacas;Frutas frescas, Agatas, Cuarzo Cristal;Voluntad Divina;de 11:00 p.m a 11:20 p.m;Darnos confianza y optimismo. cambiar nuestros hábitos de pensamiento. ayudarnos en la desintoxicación de drogas y alcohol;Azul;Jabamiah;4 al 8 demarzo;Entrega energía curativa a tu vida. Tiene la capacidad de regenerar, sanar, revitalizar y restaurar la armonía.
71;Haiaiel;;Dios nuestro del universo;Luna;Guardianes;Flores Silvestres, Frutas de estacion e Incienso;Gemas Opacas;Frutas frescas, Agatas, Cuarzo Cristal;Voluntad Divina;de 11:20 p.m a 11:40 p.m;Tener coraje y valentía para enfrentar peligros. liberarnos de vínculos con personas que nos quieren oprimir. sentirnos en paz y tener fuerza, valentía, talento y seguridad en todas las actividades;Violeta;Haiaiel;9 al 13 de marzo;Nos brinda protección divina y nos ayuda a tomar decisiones justas y correctas.
72;Mumiah;;Dios fin de todas las cosas;Luna;Guardianes;Flores Silvestres, Frutas de estacion e Incienso;Gemas Opacas;Frutas frescas, Agatas, Cuarzo Cristal;Voluntad Divina;de 11:40 p.m a 12:00 a.m;Proteger a pobres y sufrientes. protegernos contra operaciones mágicas de las cuales no tenemos conocimiento. ayudarnos a tener flexibilidad en lo emocional. ayudarnos a ver nuestras trabas emocionales;Naranja;Mumiah;14 al 19 de marzo;Ayuda a terminar las tareas difíciles y nos regala la energía necesaria para empezar otras nuevas.
